{
  "precision": 0.9428824089610448,
  "recall": 0.9977206199913623,
  "f1": 0.9695266961995803
}